trial_number,macro_f1,model_complexity,samples_per_year,num_features,max_nodes,trees,min_leaf,sampling,feature_strat,train_fraction
19,0.9163735655404301,3631166000.0,7106,20,511,50,7,stratified,all,0.1
11,0.9225846851738344,5266434250.0,7106,11,539,125,7,stratified,all,0.1
34,0.9451711914029004,13711990500.0,7110,39,989,50,3,reference_balanced,uncorrelated,0.1
39,0.951280787165618,25268051250.0,7110,39,1215,75,2,reference_balanced,uncorrelated,0.1
21,0.9647900156300561,31729421100.0,19731,26,1237,50,6,reference_balanced,all,0.30000000000000004
1,0.9780539768033844,56846121500.0,41539,14,1955,50,7,reference_balanced,all,0.7000000000000001
30,0.9792250987219124,161830817600.0,50903,16,1987,100,8,reference_balanced,all,0.9
6,0.9799475310288994,328652674350.0,50903,39,3311,50,4,reference_balanced,uncorrelated,0.9
37,0.9810311699194606,608682941100.0,49772,39,4181,75,2,stratified,uncorrelated,0.7000000000000001
